StartDate,EndDate,Status,IPAddress,Progress,Duration (in seconds),Finished,RecordedDate,ResponseId,RecipientLastName,RecipientFirstName,RecipientEmail,ExternalReference,LocationLatitude,LocationLongitude,DistributionChannel,UserLanguage,Consent,Team ID,Gender,Age,Degree Status,Major,Formal Education,Experience_1,Experience_2,Experience_3,Differing abilities_1,Differing abilities_2,Differing abilities_3,CD-1,CD-2,CD-3,CD-4,OC-1,OC-2,OC-3,OC-4,OC-5
Start Date,End Date,Response Type,IP Address,Progress,Duration (in seconds),Finished,Recorded Date,Response ID,Recipient Last Name,Recipient First Name,Recipient Email,External Data Reference,Location Latitude,Location Longitude,Distribution Channel,User Language,"Consent to Research



Your participation in the Collegiate Penetration Testing Competition (CPTC) and related research is entirely voluntary. With your consent, the packet captures, flow and log data, images and communications associated with your participation in the CPTC will be stored and used for future academic research.



This data collection for research purposes is anonymous, which means that your name and personal information will not be matched to your data profile when the data are used for research purposes. If you agree to take part in data collection during this competition, you will be assigned a random number that will be used on each survey, interview and associated with each data segment. There will be no way to link your results back to you. Therefore, data collection is anonymous.



During the administrative processes associated with registering for this competition, you are required to provide personal information. To the extent allowed by law, we limit the viewing of your personal information to only those people who have a need to review it. We cannot promise complete secrecy. The Institutional Review Board, Rochester Institute of Technology and its affiliates, and other representatives of these organizations may inspect a copy of your information. Upon completion of this data collection project, your personal data will be kept for no longer than three years, after which they will be erased. If reports of studies resulting from your participation in this competition are published, or the results are presented at professional conferences, only group results or excerpts of individual data captures will be stated, without any reference to your personally identifying information.



If you decide not to take part in data collection for research purposes, it will not affect your relationship with the research investigators or the competition administrators. No risks are anticipated from taking part in this competition or allowing your data to be collected for research purposes. If for any reason, at any time, you wish to stop participation in data collection for research, you may do so without having to provide explanation and without affecting your relationship with the investigators and competition administrators, or your team’s performance in the competition. You will not receive any direct benefit for participating in this research. The research will provide a more plausible understanding of cybercrimes and penetration testing education, thereby contributing to the areas of internal and external cybersecurity measures.



If you have any questions, concerns, or complaints, or think that the data collection for research purposes has hurt you, please contact the competition director at:



Dr. Justin Pelletier

202-591-7140 (mobile) / justin.m.pelletier@rit.edu 

Professor of Practice andDirector, Cyber Range and Training Center

Global Cybersecurity Institute

Rochester Institute of Technology, Rochester, NY 14623

 

Do you consent to participate in this research?",What was your team number for CPTC8 (2022-2023: Cozy Croissant)?,Please select your gender:,Please select your age group:,Please select your current degree status,My major is:,How many years have you received formal education in cybersecurity?,"How experienced, confident, and prepared are you? - How many security competitions have you participated in (before this one)?","How experienced, confident, and prepared are you? - How confident are you that you currently have the skills to be an effective penetration tester (1 = low, 7 = high)","How experienced, confident, and prepared are you? - How many years of penetration testing experience do you have?","On a scale from 1-5, how likely are you to *categorize yourself* according to these definitions? 

(1 = this does not apply to me at all, 5 = this applies to me very much) - *Neurodiversity* is a term used to describe the range of differences in individual brain function and behavioral traits. It is regarded as part of normal variation in the human population and used especially in the context of *autistic spectrum* disorders.","On a scale from 1-5, how likely are you to *categorize yourself* according to these definitions? 

(1 = this does not apply to me at all, 5 = this applies to me very much) - *Physical disability* indicates any physical limitations or disabilities that inhibit the physical function of one or more limbs such as arms or legs, or physical senses such as sight or hearing.","On a scale from 1-5, how likely are you to *categorize yourself* according to these definitions? 

(1 = this does not apply to me at all, 5 = this applies to me very much) - *Psychiatric disabilities* cover a wide range of conditions, including eating disorders, post- traumatic stress disorder, anxiety disorders, depression, and other psychiatric conditions.","To what extent do the members of your team differ in their way
of thinking?",To what extent do the members of your team differ in their knowledge and skills?,To what extent do the members of your team differ in how they view the world?,To what extent do the members of your team differ in their beliefs about what is right and wrong?,"To what extent do you agree with the following statement: ""My Coach and Captain keep me informed.""?","To what extent do you agree with the following statement: ""Sharing of knowledge is encouraged by my team in actions and not only in words.""?","To what extent do you agree with the following statement: ""We are continuously encouraged to bring new knowledge into the team.""?","To what extent do you agree with the following statement: ""We are encouraged to say what we think even if it means disagreeing with the Coach or Captain.""?","To what extent do you agree with the following statement: ""Open communication is characteristic of the team as a whole.""?"
"{""ImportId"":""startDate"",""timeZone"":""America/Denver""}","{""ImportId"":""endDate"",""timeZone"":""America/Denver""}","{""ImportId"":""status""}","{""ImportId"":""ipAddress""}","{""ImportId"":""progress""}","{""ImportId"":""duration""}","{""ImportId"":""finished""}","{""ImportId"":""recordedDate"",""timeZone"":""America/Denver""}","{""ImportId"":""_recordId""}","{""ImportId"":""recipientLastName""}","{""ImportId"":""recipientFirstName""}","{""ImportId"":""recipientEmail""}","{""ImportId"":""externalDataReference""}","{""ImportId"":""locationLatitude""}","{""ImportId"":""locationLongitude""}","{""ImportId"":""distributionChannel""}","{""ImportId"":""userLanguage""}","{""ImportId"":""QID2011""}","{""ImportId"":""QID2024""}","{""ImportId"":""QID2012""}","{""ImportId"":""QID2013""}","{""ImportId"":""QID2015""}","{""ImportId"":""QID2016_TEXT""}","{""ImportId"":""QID2014""}","{""ImportId"":""QID2017_1""}","{""ImportId"":""QID2017_4""}","{""ImportId"":""QID2017_5""}","{""ImportId"":""QID2019_0""}","{""ImportId"":""QID2019_11""}","{""ImportId"":""QID2019_12""}","{""ImportId"":""QID1""}","{""ImportId"":""QID2022""}","{""ImportId"":""QID2021""}","{""ImportId"":""QID2023""}","{""ImportId"":""QID2025""}","{""ImportId"":""QID2026""}","{""ImportId"":""QID2027""}","{""ImportId"":""QID2028""}","{""ImportId"":""QID2029""}"
2023-01-15 11:31:51,2023-01-15 11:33:28,IP Address,129.21.255.76,100,97,True,2023-01-15 11:33:28,R_2faNs2HWhxLMs6d,,,,,43.0801,-77.6342,anonymous,EN,Yes,Team 7,Male,18-24,Undergraduate/Full Time,"Cybersecurity ",3+ years,7,3,2,1,1,1,The members of my team differ in their way of thinking to a moderate extent.,The members of my team differ in their knowledge and skills to a moderate extent.,The members of my team differ in how they view the world to a somewhat large extent.,The members of my team differ in their beliefs about what is right and wrong to a small extent.,Agree,Strongly Agree,Agree,Strongly Agree,Strongly Agree
2023-01-15 11:31:24,2023-01-15 11:33:49,IP Address,129.21.255.83,100,145,True,2023-01-15 11:33:49,R_yNHpxWHYEKcZgWt,,,,,43.0801,-77.6342,anonymous,EN,Yes,Team 15,Other/Prefer not to answer,18-24,Undergraduate/Full Time,Computer Science,0 years,7,4,2,3,1,3,The members of my team differ in their way of thinking to a somewhat small extent.,The members of my team differ in their knowledge and skills to a moderate extent.,The members of my team differ in how they view the world to a somewhat small extent.,The members of my team differ in their beliefs about what is right and wrong to a moderate extent.,Strongly Agree,Strongly Agree,Strongly Agree,Strongly Agree,Strongly Agree
2023-01-15 11:31:22,2023-01-15 11:33:53,IP Address,129.21.255.78,100,151,True,2023-01-15 11:33:54,R_sRwUBlLDCBMNu0N,,,,,43.0801,-77.6342,anonymous,EN,Yes,Team 8,Male,30-34,Graduate/Full Time,Computer Science,3+ years,5,4,1,3,1,4,The members of my team differ in their way of thinking to a moderate extent.,The members of my team differ in their knowledge and skillsto a somewhat large extent.,The members of my team differ in how they view the world to a large extent.,The members of my team differ in their beliefs about what is right and wrong to a somewhat large extent.,Agree,Agree,Agree,Agree,Agree
2023-01-15 11:33:09,2023-01-15 11:34:03,IP Address,129.21.125.23,100,54,True,2023-01-15 11:34:03,R_1BUTv5xf4iOnvHS,,,,,43.0801,-77.6342,anonymous,EN,No,,,,,,,,,,,,,,,,,,,,,
2023-01-15 11:31:54,2023-01-15 11:34:04,IP Address,129.21.255.89,100,130,True,2023-01-15 11:34:05,R_2XilqxE9efRnL5X,,,,,43.0801,-77.6342,anonymous,EN,Yes,Team 7,Male,18-24,Undergraduate/Full Time,"Cybersecurity ",3+ years,5,4,2,1,1,1,The members of my team differ in their way of thinking to a moderate extent.,The members of my team differ in their knowledge and skillsto a somewhat large extent.,The members of my team differ in how they view the world to a moderate extent.,The members of my team differ in their beliefs about what is right and wrong to a very small extent.,Strongly Agree,Strongly Agree,Strongly Agree,Strongly Agree,Strongly Agree
2023-01-15 11:31:39,2023-01-15 11:34:08,IP Address,129.21.255.88,100,148,True,2023-01-15 11:34:08,R_Zs0wzSvJslTayRz,,,,,43.0801,-77.6342,anonymous,EN,Yes,Team 15,Male,18-24,Undergraduate/Full Time,Computer Science,2 years,7,6,1,4,2,1,The members of my team differ in their way of thinking to a moderate extent.,The members of my team differ in their knowledge and skills to a moderate extent.,The members of my team differ in how they view the world to a somewhat large extent.,The members of my team differ in their beliefs about what is right and wrong to a small extent.,Strongly Agree,Strongly Agree,Strongly Agree,Strongly Agree,Strongly Agree
2023-01-15 11:31:19,2023-01-15 11:34:09,IP Address,129.21.255.72,100,169,True,2023-01-15 11:34:09,R_sGO71qlmVj3c3br,,,,,43.0801,-77.6342,anonymous,EN,Yes,Team 4,Male,18-24,Undergraduate/Full Time,"Economics and Political Science ",0 years,1,1,1,1,1,1,The members of my team differ in their way of thinking to a moderate extent.,The members of my team differ in their knowledge and skills to a somewhat small extent.,The members of my team differ in how they view the world to a very small extent.,The members of my team differ in their beliefs about what is right and wrong to a very small extent.,Strongly Agree,Strongly Agree,Strongly Agree,Strongly Agree,Strongly Agree
2023-01-15 11:31:39,2023-01-15 11:34:11,IP Address,107.77.226.210,100,152,True,2023-01-15 11:34:12,R_10T2OSegTVGulSA,,,,,40.8088,-73.9195,anonymous,EN,Yes,Team 15,Other/Prefer not to answer,18-24,Undergraduate/Full Time,Information Technology,2 years,7,4,2,4,1,4,The members of my team differ in their way of thinking to a somewhat large extent.,The members of my team differ in their knowledge and skills to a large extent.,The members of my team differ in how they view the world to a moderate extent.,The members of my team differ in their beliefs about what is right and wrong to a moderate extent.,Agree,Agree,Strongly Agree,Strongly Agree,Strongly Agree
2023-01-15 11:31:36,2023-01-15 11:34:12,IP Address,129.21.255.107,100,156,True,2023-01-15 11:34:12,R_1ImItEIRMTBkiTI,,,,,43.0801,-77.6342,anonymous,EN,Yes,Team 1,Female,18-24,Undergraduate/Full Time,"Computer Science and Cyber Security ",3+ years,4,4,2,1,1,2,The members of my team differ in their way of thinking to a somewhat small extent.,The members of my team differ in their knowledge and skillsto a somewhat large extent.,The members of my team differ in how they view the world to a moderate extent.,The members of my team differ in their beliefs about what is right and wrong to a small extent.,Strongly Agree,Strongly Agree,Strongly Agree,Strongly Agree,Strongly Agree
2023-01-15 11:31:46,2023-01-15 11:34:17,IP Address,129.21.255.89,100,150,True,2023-01-15 11:34:17,R_1FtRjGl4iiBMb43,,,,,43.0801,-77.6342,anonymous,EN,Yes,Team 8,Male,18-24,Undergraduate/Part Time,,2 years,5,5,2,1,1,3,The members of my team differ in their way of thinking to a moderate extent.,The members of my team differ in their knowledge and skills to a moderate extent.,The members of my team differ in how they view the world to a somewhat small extent.,The members of my team differ in their beliefs about what is right and wrong to a somewhat small extent.,Agree,Agree,Agree,Agree,Agree
2023-01-15 11:31:41,2023-01-15 11:34:21,IP Address,104.28.55.56,100,159,True,2023-01-15 11:34:21,R_1LB5WmmNl5zK3mg,,,,,43.1555,-77.6101,anonymous,EN,Yes,Team 15,Male,18-24,Undergraduate/Full Time,IT,0 years,5,5,1,2,2,2,The members of my team differ in their way of thinking to a moderate extent.,The members of my team differ in their knowledge and skills to a moderate extent.,The members of my team differ in how they view the world to a somewhat large extent.,The members of my team differ in their beliefs about what is right and wrong to a somewhat large extent.,Strongly Agree,Agree,Agree,Strongly Agree,Strongly Agree
2023-01-15 11:31:54,2023-01-15 11:34:22,IP Address,129.21.255.103,100,147,True,2023-01-15 11:34:22,R_1rxGpqQUzUdYfPz,,,,,43.0801,-77.6342,anonymous,EN,Yes,Team 10,Male,18-24,Undergraduate/Full Time,"Computer Science: Cybersecurity ",2 years,1,5,2,1,1,1,The members of my team differ in their way of thinking to a moderate extent.,The members of my team differ in their knowledge and skills to a moderate extent.,The members of my team differ in how they view the world to a small extent.,The members of my team differ in their beliefs about what is right and wrong to a very small extent.,Agree,Strongly Agree,Strongly Agree,Agree,Agree
2023-01-15 11:31:29,2023-01-15 11:34:26,IP Address,129.21.255.84,100,176,True,2023-01-15 11:34:26,R_1gzscTOCYgVaxdZ,,,,,43.0801,-77.6342,anonymous,EN,Yes,Team 12,Male,18-24,Undergraduate/Part Time,CIS,3+ years,3,4,1,2,1,1,The members of my team differ in their way of thinking to a moderate extent.,The members of my team differ in their knowledge and skills to a moderate extent.,The members of my team differ in how they view the world to a small extent.,The members of my team differ in their beliefs about what is right and wrong to a very small extent.,Strongly Agree,Strongly Agree,Strongly Agree,Strongly Agree,Strongly Agree
2023-01-15 11:32:00,2023-01-15 11:34:39,IP Address,129.21.255.85,100,158,True,2023-01-15 11:34:40,R_3NRik6SxR2U8YLl,,,,,43.0801,-77.6342,anonymous,EN,Yes,Team 7,Male,25-29,Undergraduate/Full Time,,2 years,1,2,1,1,1,1,The members of my team differ in their way of thinking to a moderate extent.,The members of my team differ in their knowledge and skillsto a somewhat large extent.,The members of my team differ in how they view the world to a moderate extent.,The members of my team differ in their beliefs about what is right and wrong to a somewhat small extent.,Agree,Agree,Agree,Agree,Agree
2023-01-15 11:31:59,2023-01-15 11:34:41,IP Address,129.21.255.79,100,162,True,2023-01-15 11:34:42,R_NWL1sF8HOQC2MVz,,,,,43.0801,-77.6342,anonymous,EN,Yes,Team 9,Male,18-24,Undergraduate/Full Time,Math,0 years,6,6,6,1,1,1,The members of my team differ in their way of thinking to a moderate extent.,The members of my team differ in their knowledge and skillsto a somewhat large extent.,The members of my team differ in how they view the world to a somewhat small extent.,The members of my team differ in their beliefs about what is right and wrong to a small extent.,Neither Agree nor Disagree,Strongly Agree,Strongly Agree,Strongly Agree,Strongly Agree
2023-01-15 11:32:02,2023-01-15 11:34:45,IP Address,129.21.255.103,100,162,True,2023-01-15 11:34:45,R_3iQl44nD7OjDQs2,,,,,43.0801,-77.6342,anonymous,EN,Yes,Team 9,Female,18-24,Undergraduate/Full Time,,0 years,1,3,1,1,1,5,The members of my team differ in their way of thinking to a moderate extent.,The members of my team differ in their knowledge and skills to a moderate extent.,The members of my team differ in how they view the world to a moderate extent.,The members of my team differ in their beliefs about what is right and wrong to a somewhat small extent.,Strongly Agree,Strongly Agree,Agree,Strongly Agree,Strongly Agree
2023-01-15 11:32:03,2023-01-15 11:34:46,IP Address,129.21.255.104,100,163,True,2023-01-15 11:34:47,R_27UxR64wjeF8f3H,,,,,43.0801,-77.6342,anonymous,EN,Yes,Team 11,Male,18-24,Undergraduate/Full Time,"Cyber Security ",3+ years,3,5,1,3,3,3,The members of my team differ in their way of thinking to a moderate extent.,The members of my team differ in their knowledge and skills to a moderate extent.,The members of my team differ in how they view the world to a moderate extent.,The members of my team differ in their beliefs about what is right and wrong to a moderate extent.,Strongly Agree,Strongly Agree,Strongly Agree,Agree,Strongly Agree
2023-01-15 11:32:02,2023-01-15 11:34:48,IP Address,129.21.255.82,100,166,True,2023-01-15 11:34:48,R_27D8Q4uIiMzWH4L,,,,,43.0801,-77.6342,anonymous,EN,Yes,Team 9,Male,18-24,Undergraduate/Full Time,Computer Science,0 years,1,4,1,2,1,1,The members of my team differ in their way of thinking to a somewhat large extent.,The members of my team differ in their knowledge and skills to a large extent.,The members of my team differ in how they view the world to a somewhat large extent.,The members of my team differ in their beliefs about what is right and wrong to a moderate extent.,Strongly Agree,Strongly Agree,Agree,Agree,Agree
2023-01-15 11:31:52,2023-01-15 11:34:49,IP Address,174.208.49.82,100,176,True,2023-01-15 11:34:49,R_PU4Bo63hjMgs1S9,,,,,42.8861,-78.7457,anonymous,EN,Yes,Team 10,Male,18-24,Undergraduate/Full Time,Cybersecurity,3+ years,1,5,3,4,1,1,The members of my team differ in their way of thinking to a moderate extent.,The members of my team differ in their knowledge and skillsto a somewhat large extent.,The members of my team differ in how they view the world to a somewhat small extent.,The members of my team differ in their beliefs about what is right and wrong to a very small extent.,Strongly Agree,Strongly Agree,Strongly Agree,Agree,Strongly Agree
2023-01-15 11:32:57,2023-01-15 11:34:50,IP Address,37.19.221.179,100,112,True,2023-01-15 11:34:50,R_pt3lNYW9usrexlD,,,,,29.7646,-95.3657,anonymous,EN,Yes,Team 1,Male,18-24,Graduate/Part Time,cybersec,1 year,5,5,3,3,,,The members of my team differ in their way of thinking to a somewhat small extent.,The members of my team differ in their knowledge and skillsto a somewhat large extent.,The members of my team differ in how they view the world to a moderate extent.,The members of my team differ in their beliefs about what is right and wrong to a somewhat small extent.,Agree,Agree,Agree,Neither Agree nor Disagree,Agree
2023-01-15 11:31:24,2023-01-15 11:34:51,IP Address,129.21.255.104,100,207,True,2023-01-15 11:34:52,R_264lDRrWOTf7eRA,,,,,43.0801,-77.6342,anonymous,EN,Yes,Team 6,Male,18-24,Undergraduate/Full Time,"Networks and Information Security engineering ",0 years,7,4,2,4,1,1,The members of my team differ in their way of thinking to a somewhat large extent.,The members of my team differ in their knowledge and skillsto a somewhat large extent.,The members of my team differ in how they view the world to a very large extent.,The members of my team differ in their beliefs about what is right and wrong to a very large extent.,Neither Agree nor Disagree,Agree,Strongly Agree,Strongly Agree,Disagree
2023-01-15 11:31:35,2023-01-15 11:34:57,IP Address,104.28.57.56,100,202,True,2023-01-15 11:34:57,R_2zhw6px4kZH6VQS,,,,,43.1555,-77.6101,anonymous,EN,Yes,Team 2,Male,18-24,Graduate/Full Time,Cyber Security,3+ years,6,5,2,2,1,2,The members of my team differ in their way of thinking to a small extent.,The members of my team differ in their knowledge and skills to a moderate extent.,The members of my team differ in how they view the world to a small extent.,The members of my team differ in their beliefs about what is right and wrong to a moderate extent.,Strongly Disagree,Neither Agree nor Disagree,Neither Agree nor Disagree,Neither Agree nor Disagree,Neither Agree nor Disagree
2023-01-15 11:32:48,2023-01-15 11:34:58,IP Address,129.21.255.104,100,130,True,2023-01-15 11:34:58,R_1JUvh10fxHorHT0,,,,,43.0801,-77.6342,anonymous,EN,Yes,Team 13,Male,18-24,Undergraduate/Full Time,CS,0 years,3,7,2,4,1,1,The members of my team differ in their way of thinking to a large extent.,The members of my team differ in their knowledge and skills to a large extent.,The members of my team differ in how they view the world to a somewhat large extent.,The members of my team differ in their beliefs about what is right and wrong to a moderate extent.,Strongly Agree,Strongly Agree,Agree,Strongly Agree,Strongly Agree
2023-01-15 11:31:36,2023-01-15 11:34:58,IP Address,129.21.255.73,100,202,True,2023-01-15 11:34:58,R_2Ug3RgmD3l3iQ4L,,,,,43.0801,-77.6342,anonymous,EN,Yes,Team 8,Female,18-24,Undergraduate/Full Time,Computer Science,0 years,3,3,1,1,1,1,The members of my team differ in their way of thinking to a moderate extent.,The members of my team differ in their knowledge and skills to a large extent.,The members of my team differ in how they view the world to a somewhat small extent.,The members of my team differ in their beliefs about what is right and wrong to a somewhat small extent.,Agree,Strongly Agree,Strongly Agree,Strongly Agree,Strongly Agree
2023-01-15 11:32:53,2023-01-15 11:35:02,IP Address,129.21.255.109,100,128,True,2023-01-15 11:35:03,R_3J8EsrbFVd6NADA,,,,,43.0801,-77.6342,anonymous,EN,Yes,Team 10,Male,18-24,Undergraduate/Full Time,Computer Science: Cybersecurity,2 years,3,5,1,1,1,1,The members of my team differ in their way of thinking to a moderate extent.,The members of my team differ in their knowledge and skillsto a somewhat large extent.,The members of my team differ in how they view the world to a very small extent.,The members of my team differ in their beliefs about what is right and wrong to a very small extent.,Strongly Agree,Strongly Agree,Strongly Agree,Neither Agree nor Disagree,Strongly Agree
2023-01-15 11:31:49,2023-01-15 11:35:03,IP Address,129.21.255.82,100,194,True,2023-01-15 11:35:04,R_1OMRBoBSob6USXE,,,,,43.0801,-77.6342,anonymous,EN,Yes,Team 7,Male,18-24,Undergraduate/Full Time,Cybersecurity,2 years,7,6,2,1,1,5,The members of my team differ in their way of thinking to a moderate extent.,The members of my team differ in their knowledge and skills to a moderate extent.,The members of my team differ in how they view the world to a somewhat small extent.,The members of my team differ in their beliefs about what is right and wrong to a small extent.,Strongly Agree,Agree,Agree,Agree,Strongly Agree
2023-01-15 11:31:51,2023-01-15 11:35:04,IP Address,129.21.255.78,100,192,True,2023-01-15 11:35:05,R_1LpXO33QAYaqMG4,,,,,43.0801,-77.6342,anonymous,EN,Yes,Team 12,Male,18-24,Undergraduate/Full Time,Computer Information Systems,3+ years,3,6,2,2,1,1,The members of my team differ in their way of thinking to a large extent.,The members of my team differ in their knowledge and skills to a large extent.,The members of my team differ in how they view the world to a large extent.,The members of my team differ in their beliefs about what is right and wrong to a moderate extent.,Agree,Agree,Strongly Agree,Neither Agree nor Disagree,Strongly Agree
2023-01-15 11:32:04,2023-01-15 11:35:05,IP Address,129.21.255.85,100,181,True,2023-01-15 11:35:05,R_3sghib47c5h8xAX,,,,,43.0801,-77.6342,anonymous,EN,Yes,Team 9,Male,18-24,Undergraduate/Full Time,"Psychology ",0 years,1,1,1,1,1,1,The members of my team differ in their way of thinking to a moderate extent.,The members of my team differ in their knowledge and skills to a large extent.,The members of my team differ in how they view the world to a small extent.,The members of my team differ in their beliefs about what is right and wrong to a small extent.,Strongly Agree,Strongly Agree,Strongly Agree,Strongly Agree,Agree
2023-01-15 11:32:12,2023-01-15 11:35:08,IP Address,129.21.255.74,100,176,True,2023-01-15 11:35:09,R_25vgyhxb3hROPfQ,,,,,43.0801,-77.6342,anonymous,EN,Yes,Team 2,Male,18-24,Graduate/Full Time,"Cybersecurity ",1 year,6,6,2,1,1,1,The members of my team differ in their way of thinking to a moderate extent.,The members of my team differ in their knowledge and skillsto a somewhat large extent.,The members of my team differ in how they view the world to a moderate extent.,The members of my team differ in their beliefs about what is right and wrong to a moderate extent.,Agree,Agree,Strongly Agree,Strongly Agree,Strongly Agree
2023-01-15 11:32:40,2023-01-15 11:35:09,IP Address,166.194.188.30,100,148,True,2023-01-15 11:35:09,R_Y6x88bGTNRtoNax,,,,,42.723,-73.8177,anonymous,EN,Yes,Team 11,Male,18-24,Undergraduate/Full Time,Computer Science,1 year,2,4,2,1,1,1,The members of my team differ in their way of thinking to a moderate extent.,The members of my team differ in their knowledge and skillsto a somewhat large extent.,The members of my team differ in how they view the world to a somewhat small extent.,The members of my team differ in their beliefs about what is right and wrong to a small extent.,Strongly Agree,Strongly Agree,Strongly Agree,Strongly Agree,Strongly Agree
2023-01-15 11:32:04,2023-01-15 11:35:10,IP Address,107.77.226.195,100,185,True,2023-01-15 11:35:10,R_qUfRBdnohBoSUG5,,,,,40.8088,-73.9195,anonymous,EN,Yes,Team 11,Male,18-24,Undergraduate/Full Time,CS,3+ years,7,6,4,1,1,2,The members of my team differ in their way of thinking to a somewhat large extent.,The members of my team differ in their knowledge and skillsto a somewhat large extent.,The members of my team differ in how they view the world to a moderate extent.,The members of my team differ in their beliefs about what is right and wrong to a somewhat small extent.,Strongly Agree,Strongly Agree,Strongly Agree,Strongly Agree,Strongly Agree
2023-01-15 11:32:58,2023-01-15 11:35:16,IP Address,129.21.255.73,100,137,True,2023-01-15 11:35:16,R_2uKEupcbK3TuLDz,,,,,43.0801,-77.6342,anonymous,EN,Yes,Team 15,Male,18-24,Undergraduate/Full Time,,1 year,7,3,1,2,1,1,The members of my team differ in their way of thinking to a somewhat large extent.,The members of my team differ in their knowledge and skills to a large extent.,The members of my team differ in how they view the world to a moderate extent.,The members of my team differ in their beliefs about what is right and wrong to a small extent.,Strongly Agree,Strongly Agree,Strongly Agree,Strongly Agree,Strongly Agree
2023-01-15 11:32:06,2023-01-15 11:35:19,IP Address,129.21.125.24,100,192,True,2023-01-15 11:35:19,R_24jd2DbZwZuUMA1,,,,,43.0801,-77.6342,anonymous,EN,Yes,Team 2,Female,18-24,Undergraduate/Full Time,Computing Security,3+ years,6,5,1,1,1,1,The members of my team differ in their way of thinking to a somewhat small extent.,The members of my team differ in their knowledge and skillsto a somewhat large extent.,The members of my team differ in how they view the world to a somewhat small extent.,The members of my team differ in their beliefs about what is right and wrong to a small extent.,Agree,Strongly Agree,Strongly Agree,Strongly Agree,Strongly Agree
2023-01-15 11:31:32,2023-01-15 11:35:20,IP Address,174.208.40.124,100,228,True,2023-01-15 11:35:21,R_1DZjGEhxX9ReygX,,,,,42.8354,-78.7573,anonymous,EN,Yes,Team 15,Other/Prefer not to answer,18-24,Undergraduate/Full Time,Computer Science,2 years,5,5,1,5,5,5,The members of my team differ in their way of thinking to a very large extent.,The members of my team differ in their knowledge and skills to a very large extent.,The members of my team differ in how they view the world to a moderate extent.,The members of my team differ in their beliefs about what is right and wrong to a somewhat small extent.,Agree,Strongly Agree,Strongly Agree,Strongly Agree,Strongly Agree
2023-01-15 11:32:46,2023-01-15 11:35:21,IP Address,166.194.188.59,100,154,True,2023-01-15 11:35:21,R_2xKtfwJnDe1PhBe,,,,,42.723,-73.8177,anonymous,EN,Yes,Team 13,Male,18-24,Undergraduate/Full Time,Symbolic Systems,0 years,1,4,2,1,1,1,The members of my team differ in their way of thinking to a very large extent.,The members of my team differ in their knowledge and skills to a very large extent.,The members of my team differ in how they view the world to a somewhat small extent.,The members of my team differ in their beliefs about what is right and wrong to a moderate extent.,Strongly Agree,Strongly Agree,Strongly Agree,Strongly Agree,Agree
2023-01-15 11:31:59,2023-01-15 11:35:24,IP Address,129.21.255.101,100,205,True,2023-01-15 11:35:25,R_3nUV8BK7gTFzlKr,,,,,43.0801,-77.6342,anonymous,EN,Yes,Team 14,Male,18-24,Graduate/Full Time,Cybersecurity,0 years,1,4,3,4,1,4,The members of my team differ in their way of thinking to a very large extent.,The members of my team differ in their knowledge and skillsto a somewhat large extent.,The members of my team differ in how they view the world to a moderate extent.,The members of my team differ in their beliefs about what is right and wrong to a small extent.,Strongly Agree,Strongly Agree,Strongly Agree,Strongly Agree,Strongly Agree
2023-01-15 11:32:07,2023-01-15 11:35:28,IP Address,129.21.255.76,100,201,True,2023-01-15 11:35:28,R_31Tc68QDPndYF3T,,,,,43.0801,-77.6342,anonymous,EN,Yes,Team 2,Male,18-24,Undergraduate/Full Time,CSEC,1 year,4,4,1,1,1,1,The members of my team differ in their way of thinking to a moderate extent.,The members of my team differ in their knowledge and skillsto a somewhat large extent.,The members of my team differ in how they view the world to a somewhat small extent.,The members of my team differ in their beliefs about what is right and wrong to a somewhat small extent.,Agree,Strongly Agree,Agree,Strongly Agree,Strongly Agree
2023-01-15 11:32:09,2023-01-15 11:35:31,IP Address,166.194.188.56,100,201,True,2023-01-15 11:35:31,R_3MS7Y7h2ZMaY2n9,,,,,42.723,-73.8177,anonymous,EN,Yes,Team 11,Male,18-24,Undergraduate/Full Time,Computer Science,2 years,4,2,2,2,1,1,The members of my team differ in their way of thinking to a somewhat large extent.,The members of my team differ in their knowledge and skillsto a somewhat large extent.,The members of my team differ in how they view the world to a moderate extent.,The members of my team differ in their beliefs about what is right and wrong to a somewhat small extent.,Agree,Strongly Agree,Strongly Agree,Strongly Agree,Strongly Agree
2023-01-15 11:32:54,2023-01-15 11:35:31,IP Address,129.21.255.88,100,156,True,2023-01-15 11:35:32,R_6RHZMK0efZ467lv,,,,,43.0801,-77.6342,anonymous,EN,Yes,Team 5,Male,18-24,Undergraduate/Full Time,"Cybersecurity ",3+ years,5,4,2,1,1,1,The members of my team differ in their way of thinking to a somewhat large extent.,The members of my team differ in their knowledge and skills to a somewhat small extent.,The members of my team differ in how they view the world to a large extent.,The members of my team differ in their beliefs about what is right and wrong to a somewhat small extent.,Strongly Disagree,Strongly Agree,Agree,Agree,Strongly Agree
2023-01-15 11:33:04,2023-01-15 11:35:33,IP Address,129.21.255.99,100,149,True,2023-01-15 11:35:33,R_TbgZnIAsxge98Dn,,,,,43.0801,-77.6342,anonymous,EN,Yes,Team 6,Male,18-24,Undergraduate/Full Time,,1 year,5,5,2,1,1,1,The members of my team differ in their way of thinking to a small extent.,The members of my team differ in their knowledge and skills to a somewhat small extent.,,The members of my team differ in their beliefs about what is right and wrong to a very large extent.,Disagree,Strongly Agree,Strongly Agree,Strongly Agree,Strongly Agree
2023-01-15 11:32:20,2023-01-15 11:35:40,IP Address,166.192.43.25,100,199,True,2023-01-15 11:35:41,R_1jj3jS07OpOHwMk,,,,,42.9297,-78.7434,anonymous,EN,Yes,Team 6,Male,18-24,Undergraduate/Full Time,,2 years,3,4,1,1,1,2,The members of my team differ in their way of thinking to a moderate extent.,The members of my team differ in their knowledge and skillsto a somewhat large extent.,The members of my team differ in how they view the world to a small extent.,The members of my team differ in their beliefs about what is right and wrong to a moderate extent.,Strongly Agree,Strongly Agree,Strongly Agree,Strongly Agree,Strongly Agree
2023-01-15 11:31:57,2023-01-15 11:35:44,IP Address,107.77.226.26,100,227,True,2023-01-15 11:35:44,R_37wmEEwZjs1L8t3,,,,,40.8088,-73.9195,anonymous,EN,Yes,Team 2,Female,18-24,Undergraduate/Full Time,Computing security,1 year,6,4,2,4,4,4,The members of my team differ in their way of thinking to a somewhat small extent.,The members of my team differ in their knowledge and skills to a small extent.,The members of my team differ in how they view the world to a somewhat small extent.,The members of my team differ in their beliefs about what is right and wrong to a very small extent.,Agree,Strongly Agree,Strongly Agree,Agree,Strongly Agree
2023-01-15 11:32:52,2023-01-15 11:35:46,IP Address,129.21.255.83,100,173,True,2023-01-15 11:35:46,R_PZgKo6hgX7amwOl,,,,,43.0801,-77.6342,anonymous,EN,Yes,Team 12,Male,18-24,Undergraduate/Full Time,Computer Science,0 years,7,4,2,3,1,2,The members of my team differ in their way of thinking to a moderate extent.,The members of my team differ in their knowledge and skills to a large extent.,The members of my team differ in how they view the world to a somewhat large extent.,The members of my team differ in their beliefs about what is right and wrong to a moderate extent.,Agree,Agree,Agree,Strongly Agree,Strongly Agree
2023-01-15 11:32:46,2023-01-15 11:35:47,IP Address,166.192.43.76,100,181,True,2023-01-15 11:35:48,R_33yxb88IeCzZfvT,,,,,42.9297,-78.7434,anonymous,EN,Yes,Team 1,Female,18-24,Graduate/Full Time,Cyber Studies,2 years,4,1,1,1,1,2,The members of my team differ in their way of thinking to a somewhat large extent.,The members of my team differ in their knowledge and skills to a very large extent.,,,Strongly Agree,Agree,Agree,Agree,Agree
2023-01-15 11:32:40,2023-01-15 11:35:48,IP Address,166.194.188.81,100,188,True,2023-01-15 11:35:49,R_PzWaQaCnoDjVeSJ,,,,,42.723,-73.8177,anonymous,EN,Yes,Team 3,Male,18-24,Undergraduate/Full Time,Cybersecurity,3+ years,7,2,2,2,1,1,The members of my team differ in their way of thinking to a somewhat large extent.,The members of my team differ in their knowledge and skills to a moderate extent.,The members of my team differ in how they view the world to a moderate extent.,The members of my team differ in their beliefs about what is right and wrong to a small extent.,Agree,Agree,Agree,Agree,Agree
2023-01-15 11:31:29,2023-01-15 11:35:49,IP Address,129.21.255.84,100,260,True,2023-01-15 11:35:50,R_2qaZH8uz5miX2PX,,,,,43.0801,-77.6342,anonymous,EN,Yes,Team 4,Male,18-24,Undergraduate/Full Time,Computer Engineering,0 years,3,3,1,1,1,1,The members of my team differ in their way of thinking to a somewhat large extent.,The members of my team differ in their knowledge and skills to a somewhat small extent.,The members of my team differ in how they view the world to a moderate extent.,The members of my team differ in their beliefs about what is right and wrong to a somewhat small extent.,Strongly Agree,Strongly Agree,Strongly Agree,Strongly Agree,Strongly Agree
2023-01-15 11:32:52,2023-01-15 11:35:50,IP Address,129.21.255.99,100,177,True,2023-01-15 11:35:51,R_3s5FKyDP48eI9Mg,,,,,43.0801,-77.6342,anonymous,EN,Yes,Team 11,Male,18-24,Undergraduate/Full Time,Computer Science,2 years,7,7,1,3,1,1,The members of my team differ in their way of thinking to a moderate extent.,The members of my team differ in their knowledge and skills to a large extent.,The members of my team differ in how they view the world to a large extent.,The members of my team differ in their beliefs about what is right and wrong to a somewhat large extent.,Strongly Agree,Strongly Agree,Strongly Agree,Strongly Agree,Strongly Agree
2023-01-15 11:32:04,2023-01-15 11:35:52,IP Address,129.21.255.85,100,228,True,2023-01-15 11:35:52,R_1DIK0eGkOfVVVkj,,,,,43.0801,-77.6342,anonymous,EN,Yes,Team 9,Male,18-24,Undergraduate/Full Time,Computer Science,0 years,2,3,1,1,1,1,The members of my team differ in their way of thinking to a moderate extent.,The members of my team differ in their knowledge and skills to a somewhat small extent.,The members of my team differ in how they view the world to a somewhat large extent.,The members of my team differ in their beliefs about what is right and wrong to a moderate extent.,Strongly Agree,Strongly Agree,Strongly Agree,Strongly Agree,Strongly Agree
2023-01-15 11:31:48,2023-01-15 11:35:55,IP Address,129.21.255.75,100,246,True,2023-01-15 11:35:56,R_24CAgBbe2x3q9qg,,,,,43.0801,-77.6342,anonymous,EN,Yes,Team 7,Female,18-24,Graduate/Full Time,"Cybersecurity ",3+ years,7,5,1,1,1,1,The members of my team differ in their way of thinking to a moderate extent.,The members of my team differ in their knowledge and skillsto a somewhat large extent.,The members of my team differ in how they view the world to a moderate extent.,The members of my team differ in their beliefs about what is right and wrong to a very small extent.,Strongly Agree,Strongly Agree,Strongly Agree,Strongly Agree,Agree
2023-01-15 11:31:53,2023-01-15 11:35:58,IP Address,129.21.255.85,100,244,True,2023-01-15 11:35:59,R_1OuBFVoDvSA09ax,,,,,43.0801,-77.6342,anonymous,EN,Yes,Team 5,Male,18-24,Undergraduate/Part Time,Computing Security,2 years,3,6,1,1,1,1,The members of my team differ in their way of thinking to a moderate extent.,The members of my team differ in their knowledge and skills to a moderate extent.,The members of my team differ in how they view the world to a somewhat small extent.,The members of my team differ in their beliefs about what is right and wrong to a moderate extent.,Agree,Strongly Agree,Strongly Agree,Strongly Agree,Strongly Agree
2023-01-15 11:31:32,2023-01-15 11:35:59,IP Address,129.21.60.169,100,266,True,2023-01-15 11:35:59,R_2tJcm0nfeYUkQse,,,,,43.0801,-77.6342,anonymous,EN,Yes,Team 5,Male,25-29,Graduate/Full Time,MS-CSEC,3+ years,6,6,2,1,1,1,The members of my team differ in their way of thinking to a moderate extent.,The members of my team differ in their knowledge and skills to a somewhat small extent.,The members of my team differ in how they view the world to a moderate extent.,The members of my team differ in their beliefs about what is right and wrong to a very small extent.,Strongly Agree,Strongly Agree,Strongly Agree,Neither Agree nor Disagree,Agree
2023-01-15 11:33:17,2023-01-15 11:36:00,IP Address,129.21.255.88,100,163,True,2023-01-15 11:36:00,R_2y8VztLYIx40SOI,,,,,43.0801,-77.6342,anonymous,EN,Yes,Team 12,Male,18-24,Undergraduate/Part Time,Computer Information Systems,0 years,2,4,1,1,1,1,The members of my team differ in their way of thinking to a moderate extent.,The members of my team differ in their knowledge and skills to a moderate extent.,The members of my team differ in how they view the world to a small extent.,The members of my team differ in their beliefs about what is right and wrong to a very small extent.,Agree,Strongly Agree,Strongly Agree,Agree,Agree
2023-01-15 11:33:44,2023-01-15 11:36:02,IP Address,107.174.17.253,100,138,True,2023-01-15 11:36:02,R_23dIjfAjq72h8RT,,,,,41.4712,-81.5248,anonymous,EN,Yes,Team 8,Male,18-24,Undergraduate/Full Time,Computer Sciences,0 years,4,2,1,1,1,1,The members of my team differ in their way of thinking to a moderate extent.,The members of my team differ in their knowledge and skills to a moderate extent.,The members of my team differ in how they view the world to a large extent.,The members of my team differ in their beliefs about what is right and wrong to a very large extent.,Agree,Agree,Strongly Agree,Agree,Strongly Agree
2023-01-15 11:32:37,2023-01-15 11:36:03,IP Address,129.21.255.100,100,205,True,2023-01-15 11:36:04,R_1JDWKVQtIGRRtlV,,,,,43.0801,-77.6342,anonymous,EN,Yes,Team 8,Male,18-24,Undergraduate/Part Time,,1 year,2,2,2,3,1,1,The members of my team differ in their way of thinking to a somewhat large extent.,The members of my team differ in their knowledge and skillsto a somewhat large extent.,The members of my team differ in how they view the world to a moderate extent.,The members of my team differ in their beliefs about what is right and wrong to a somewhat large extent.,Disagree,Agree,Strongly Agree,Strongly Agree,Agree
2023-01-15 11:31:59,2023-01-15 11:36:07,IP Address,129.21.255.100,100,248,True,2023-01-15 11:36:08,R_25zI186DoQTjb7C,,,,,43.0801,-77.6342,anonymous,EN,Yes,Team 14,Male,35-39,Undergraduate/Full Time,Computer Science,3+ years,4,3,3,1,3,3,The members of my team differ in their way of thinking to a moderate extent.,The members of my team differ in their knowledge and skills to a moderate extent.,The members of my team differ in how they view the world to a somewhat small extent.,The members of my team differ in their beliefs about what is right and wrong to a somewhat small extent.,Strongly Agree,Strongly Agree,Strongly Agree,Strongly Agree,Strongly Agree
2023-01-15 11:32:47,2023-01-15 11:36:12,IP Address,129.21.255.87,100,205,True,2023-01-15 11:36:12,R_0vcrfZPcVlT6rOp,,,,,43.0801,-77.6342,anonymous,EN,Yes,Team 8,Male,18-24,Undergraduate/Part Time,,1 year,1,4,1,1,1,1,The members of my team differ in their way of thinking to a small extent.,The members of my team differ in their knowledge and skills to a moderate extent.,The members of my team differ in how they view the world to a somewhat large extent.,The members of my team differ in their beliefs about what is right and wrong to a small extent.,Agree,Agree,Strongly Agree,Agree,Agree
2023-01-15 11:32:44,2023-01-15 11:36:14,IP Address,172.226.194.15,100,209,True,2023-01-15 11:36:14,R_2ZHs4iiJ7HZ7TDL,,,,,40.7425,-73.9877,anonymous,EN,Yes,Team 3,Male,18-24,Undergraduate/Full Time,Cybersecurity,2 years,7,3,2,1,1,3,The members of my team differ in their way of thinking to a somewhat large extent.,The members of my team differ in their knowledge and skillsto a somewhat large extent.,The members of my team differ in how they view the world to a moderate extent.,The members of my team differ in their beliefs about what is right and wrong to a somewhat large extent.,Strongly Agree,Agree,Agree,Strongly Agree,Agree
2023-01-15 11:33:03,2023-01-15 11:36:26,IP Address,129.21.255.72,100,202,True,2023-01-15 11:36:26,R_De51dbV3DCZMBl7,,,,,43.0801,-77.6342,anonymous,EN,Yes,Team 7,Male,25-29,Undergraduate/Full Time,Cyberaecurity,3+ years,3,5,2,1,1,1,The members of my team differ in their way of thinking to a somewhat small extent.,The members of my team differ in their knowledge and skills to a moderate extent.,The members of my team differ in how they view the world to a somewhat small extent.,The members of my team differ in their beliefs about what is right and wrong to a small extent.,Agree,Agree,Strongly Agree,Strongly Agree,Agree
2023-01-15 11:32:23,2023-01-15 11:36:28,IP Address,129.21.255.89,100,244,True,2023-01-15 11:36:28,R_BwRyBNRiFemdJKN,,,,,43.0801,-77.6342,anonymous,EN,Yes,Team 12,Male,18-24,Undergraduate/Full Time,Computer Information Systems,1 year,1,3,1,1,1,1,The members of my team differ in their way of thinking to a moderate extent.,The members of my team differ in their knowledge and skillsto a somewhat large extent.,The members of my team differ in how they view the world to a moderate extent.,The members of my team differ in their beliefs about what is right and wrong to a small extent.,Strongly Agree,Strongly Agree,Agree,Agree,Agree
2023-01-15 11:33:12,2023-01-15 11:36:28,IP Address,129.21.255.107,100,196,True,2023-01-15 11:36:28,R_1H5z63vFrZamtop,,,,,43.0801,-77.6342,anonymous,EN,Yes,Team 3,,18-24,Undergraduate/Part Time,"Mechatronics and Robotics Engineering ",0 years,2,5,1,3,1,1,The members of my team differ in their way of thinking to a moderate extent.,The members of my team differ in their knowledge and skillsto a somewhat large extent.,,The members of my team differ in their beliefs about what is right and wrong to a moderate extent.,Strongly Agree,Agree,Agree,Agree,Neither Agree nor Disagree
2023-01-15 11:33:47,2023-01-15 11:36:30,IP Address,107.77.226.177,100,163,True,2023-01-15 11:36:31,R_1LeCnMj6TwWQFks,,,,,40.8088,-73.9195,anonymous,EN,Yes,Team 1,Male,18-24,Undergraduate/Part Time,"Cyber, comp sci",2 years,7,5,4,1,1,1,The members of my team differ in their way of thinking to a very large extent.,The members of my team differ in their knowledge and skills to a very large extent.,The members of my team differ in how they view the world to a somewhat large extent.,The members of my team differ in their beliefs about what is right and wrong to a moderate extent.,Strongly Agree,Strongly Agree,Strongly Agree,Strongly Agree,Strongly Agree
2023-01-15 11:34:17,2023-01-15 11:36:34,IP Address,129.21.255.72,100,137,True,2023-01-15 11:36:35,R_1ibak5DewrJfac6,,,,,43.0801,-77.6342,anonymous,EN,Yes,Team 5,Male,18-24,Undergraduate/Full Time,,2 years,1,3,1,1,1,1,The members of my team differ in their way of thinking to a small extent.,The members of my team differ in their knowledge and skills to a moderate extent.,The members of my team differ in how they view the world to a somewhat large extent.,The members of my team differ in their beliefs about what is right and wrong to a small extent.,Neither Agree nor Disagree,Strongly Agree,Neither Agree nor Disagree,Neither Agree nor Disagree,Agree
2023-01-15 11:33:48,2023-01-15 11:36:40,IP Address,129.21.255.94,100,172,True,2023-01-15 11:36:41,R_3NQwK4XXVMSg43o,,,,,43.0801,-77.6342,anonymous,EN,Yes,Team 11,Male,18-24,Undergraduate/Full Time,"Cybersecurity ",2 years,2,3,1,1,1,1,The members of my team differ in their way of thinking to a moderate extent.,The members of my team differ in their knowledge and skills to a moderate extent.,The members of my team differ in how they view the world to a small extent.,The members of my team differ in their beliefs about what is right and wrong to a small extent.,Strongly Agree,Strongly Agree,Strongly Agree,Strongly Agree,Strongly Agree
2023-01-15 11:33:27,2023-01-15 11:36:43,IP Address,129.21.100.196,100,195,True,2023-01-15 11:36:43,R_1mtqpeVFNzf05AA,,,,,43.0801,-77.6342,anonymous,EN,Yes,Team 5,Male,18-24,Undergraduate/Full Time,"Computing Security ",3+ years,2,4,2,1,1,1,The members of my team differ in their way of thinking to a moderate extent.,The members of my team differ in their knowledge and skills to a moderate extent.,The members of my team differ in how they view the world to a somewhat small extent.,The members of my team differ in their beliefs about what is right and wrong to a small extent.,Agree,Agree,Agree,Agree,Agree
2023-01-15 11:34:11,2023-01-15 11:36:46,IP Address,166.194.188.57,100,155,True,2023-01-15 11:36:46,R_2awAYvnkbaNqV8n,,,,,42.723,-73.8177,anonymous,EN,Yes,Team 9,Male,18-24,Undergraduate/Full Time,CS,1 year,3,3,1,3,1,1,The members of my team differ in their way of thinking to a moderate extent.,The members of my team differ in their knowledge and skills to a moderate extent.,The members of my team differ in how they view the world to a moderate extent.,The members of my team differ in their beliefs about what is right and wrong to a moderate extent.,Agree,Agree,Agree,Agree,Agree
2023-01-15 11:32:41,2023-01-15 11:36:46,IP Address,166.194.188.53,100,245,True,2023-01-15 11:36:47,R_3COUVUPmnDWl7Ew,,,,,42.723,-73.8177,anonymous,EN,Yes,Team 1,Male,25-29,Undergraduate/Full Time,Cyber Security,1 year,2,3,1,3,1,5,The members of my team differ in their way of thinking to a somewhat large extent.,The members of my team differ in their knowledge and skills to a large extent.,The members of my team differ in how they view the world to a somewhat small extent.,The members of my team differ in their beliefs about what is right and wrong to a moderate extent.,Agree,Strongly Agree,Strongly Agree,Strongly Agree,Strongly Agree
2023-01-15 11:32:20,2023-01-15 11:36:58,IP Address,129.21.255.94,100,278,True,2023-01-15 11:36:59,R_1GNAJcaQIzpYOZU,,,,,43.0801,-77.6342,anonymous,EN,Yes,Team 6,Male,18-24,Undergraduate/Part Time,Networks and Information Security Engineering,3+ years,3,5,1,4,1,,The members of my team differ in their way of thinking to a somewhat large extent.,The members of my team differ in their knowledge and skillsto a somewhat large extent.,The members of my team differ in how they view the world to a very large extent.,The members of my team differ in their beliefs about what is right and wrong to a very small extent.,Neither Agree nor Disagree,Strongly Agree,Strongly Agree,Agree,Strongly Agree
2023-01-15 11:32:09,2023-01-15 11:37:03,IP Address,166.194.188.63,100,294,True,2023-01-15 11:37:04,R_8B0I5vTYXsP4jst,,,,,42.723,-73.8177,anonymous,EN,Yes,Team 10,Male,18-24,Undergraduate/Part Time,"Computer science: cybersecurity ",3+ years,7,4,1,1,1,1,The members of my team differ in their way of thinking to a moderate extent.,The members of my team differ in their knowledge and skillsto a somewhat large extent.,The members of my team differ in how they view the world to a moderate extent.,The members of my team differ in their beliefs about what is right and wrong to a very small extent.,Strongly Agree,Strongly Agree,Strongly Agree,Strongly Agree,Strongly Agree
2023-01-15 11:32:55,2023-01-15 11:37:07,IP Address,129.21.255.109,100,252,True,2023-01-15 11:37:08,R_8ihPmMRU6QzKmid,,,,,43.0801,-77.6342,anonymous,EN,Yes,Team 3,Female,18-24,Undergraduate/Full Time,,2 years,7,3,1,2,1,1,The members of my team differ in their way of thinking to a large extent.,The members of my team differ in their knowledge and skills to a large extent.,The members of my team differ in how they view the world to a somewhat large extent.,The members of my team differ in their beliefs about what is right and wrong to a somewhat small extent.,Strongly Agree,Strongly Agree,Strongly Agree,Strongly Agree,Strongly Agree
2023-01-15 11:32:28,2023-01-15 11:37:15,IP Address,172.58.229.162,100,287,True,2023-01-15 11:37:16,R_2QRmAyPTb4FYDdu,,,,,40.8312,-73.9067,anonymous,EN,Yes,Team 14,Female,18-24,Undergraduate/Full Time,Computer Science,0 years,2,2,2,5,2,,The members of my team differ in their way of thinking to a moderate extent.,The members of my team differ in their knowledge and skillsto a somewhat large extent.,The members of my team differ in how they view the world to a large extent.,The members of my team differ in their beliefs about what is right and wrong to a moderate extent.,Agree,Agree,Agree,Agree,Agree
2023-01-15 11:32:38,2023-01-15 11:37:15,IP Address,129.21.255.104,100,276,True,2023-01-15 11:37:16,R_1SUo7vtYVixZ8SB,,,,,43.0801,-77.6342,anonymous,EN,Yes,Team 3,Male,18-24,Undergraduate/Full Time,"Cybersecurity ",1 year,7,3,1,1,1,4,The members of my team differ in their way of thinking to a somewhat large extent.,The members of my team differ in their knowledge and skills to a very large extent.,The members of my team differ in how they view the world to a somewhat large extent.,The members of my team differ in their beliefs about what is right and wrong to a somewhat small extent.,Strongly Agree,Strongly Agree,Strongly Agree,Agree,Neither Agree nor Disagree
2023-01-15 11:34:18,2023-01-15 11:37:17,IP Address,129.21.125.23,100,178,True,2023-01-15 11:37:18,R_sXp0l7MLgYSOhe9,,,,,43.0801,-77.6342,anonymous,EN,Yes,Team 14,Male,18-24,Undergraduate/Full Time,Electrical and Computer Engineering,0 years,1,5,1,2,1,3,The members of my team differ in their way of thinking to a large extent.,The members of my team differ in their knowledge and skillsto a somewhat large extent.,The members of my team differ in how they view the world to a moderate extent.,The members of my team differ in their beliefs about what is right and wrong to a somewhat large extent.,Strongly Agree,Strongly Agree,Strongly Agree,Strongly Agree,Strongly Agree
2023-01-15 11:32:47,2023-01-15 11:37:19,IP Address,174.208.40.59,100,272,True,2023-01-15 11:37:19,R_3PXO4OlsyUZDokh,,,,,42.8354,-78.7573,anonymous,EN,Yes,Team 14,Male,18-24,Undergraduate/Part Time,Computer Science,0 years,3,4,1,1,1,1,The members of my team differ in their way of thinking to a moderate extent.,The members of my team differ in their knowledge and skills to a large extent.,The members of my team differ in how they view the world to a somewhat small extent.,The members of my team differ in their beliefs about what is right and wrong to a somewhat small extent.,Strongly Agree,Agree,Strongly Agree,Strongly Agree,Strongly Agree
2023-01-15 11:32:05,2023-01-15 11:37:31,IP Address,166.194.188.88,100,326,True,2023-01-15 11:37:32,R_27HJdZQ8vMIhksD,,,,,42.723,-73.8177,anonymous,EN,Yes,Team 3,Male,18-24,Undergraduate/Full Time,Cybersecurity,3+ years,4,4,1,3,1,4,The members of my team differ in their way of thinking to a moderate extent.,The members of my team differ in their knowledge and skillsto a somewhat large extent.,The members of my team differ in how they view the world to a somewhat large extent.,The members of my team differ in their beliefs about what is right and wrong to a small extent.,Agree,Neither Agree nor Disagree,Strongly Agree,Agree,Strongly Agree
2023-01-15 11:33:28,2023-01-15 11:37:48,IP Address,129.21.255.89,100,260,True,2023-01-15 11:37:49,R_6s1ZW2BjSJwxmfL,,,,,43.0801,-77.6342,anonymous,EN,Yes,Team 4,Male,18-24,Undergraduate/Full Time,,0 years,1,4,1,1,1,1,The members of my team differ in their way of thinking to a somewhat large extent.,The members of my team differ in their knowledge and skillsto a somewhat large extent.,The members of my team differ in how they view the world to a moderate extent.,The members of my team differ in their beliefs about what is right and wrong to a small extent.,Strongly Agree,Strongly Agree,Strongly Agree,Agree,Strongly Agree
2023-01-15 11:31:58,2023-01-15 11:38:00,IP Address,166.192.43.10,100,362,True,2023-01-15 11:38:01,R_1DTrvlEsE1MlN8h,,,,,42.9297,-78.7434,anonymous,EN,Yes,Team 10,Male,18-24,Undergraduate/Full Time,Computer Science: Cyber Security,3+ years,4,4,1,1,1,1,The members of my team differ in their way of thinking to a moderate extent.,The members of my team differ in their knowledge and skills to a moderate extent.,The members of my team differ in how they view the world to a small extent.,The members of my team differ in their beliefs about what is right and wrong to a very small extent.,Strongly Agree,Agree,Strongly Agree,Agree,Agree
2023-01-15 11:35:30,2023-01-15 11:40:41,IP Address,129.21.255.104,100,311,True,2023-01-15 11:40:42,R_3PC5Sr0et99xlZz,,,,,43.0801,-77.6342,anonymous,EN,Yes,Team 6,Male,18-24,Undergraduate/Full Time,,0 years,5,5,1,4,5,5,The members of my team differ in their way of thinking to a somewhat large extent.,The members of my team differ in their knowledge and skills to a moderate extent.,The members of my team differ in how they view the world to a somewhat large extent.,The members of my team differ in their beliefs about what is right and wrong to a somewhat small extent.,Neither Agree nor Disagree,Agree,Strongly Agree,Strongly Agree,Strongly Agree
2023-01-15 11:32:08,2023-01-15 11:32:34,IP Address,129.21.255.85,16,26,False,2023-01-22 11:32:35,R_3n6gNHllhVeslHj,,,,,,,anonymous,EN,Yes,Team 5,,,,,,,,,,,,,,,,,,,,
2023-01-15 11:32:25,2023-01-15 11:32:44,IP Address,129.21.255.102,16,19,False,2023-01-22 11:32:49,R_egoJqRaDby5tWSt,,,,,,,anonymous,EN,Yes,Team 3,,,,,,,,,,,,,,,,,,,,
2023-01-15 11:31:53,2023-01-15 11:32:43,IP Address,129.21.255.84,11,50,False,2023-01-22 11:33:05,R_26c2ErWuOsX2mAZ,,,,,,,anonymous,EN,Yes,,,,,,,,,,,,,,,,,,,,,
2023-01-15 11:31:56,2023-01-15 11:32:52,IP Address,129.21.255.106,0,56,False,2023-01-22 11:33:09,R_2aE3NwwXx3SYU4J,,,,,,,anonymous,EN,Yes,,,,,,,,,,,,,,,,,,,,,
2023-01-15 11:32:20,2023-01-15 11:32:54,IP Address,209.107.189.160,0,33,False,2023-01-22 11:33:14,R_p5WQ47bKZ6ASNrz,,,,,,,anonymous,EN,Yes,,,,,,,,,,,,,,,,,,,,,
2023-01-15 11:32:08,2023-01-15 11:32:59,IP Address,104.28.55.80,0,50,False,2023-01-22 11:33:15,R_2rSfcyS52CtJahf,,,,,,,anonymous,EN,Yes,,,,,,,,,,,,,,,,,,,,,
2023-01-15 11:32:52,2023-01-15 11:33:20,IP Address,146.75.244.1,0,27,False,2023-01-22 11:33:21,R_2VfkBEFjOUneiG5,,,,,,,anonymous,EN,Yes,,,,,,,,,,,,,,,,,,,,,
2023-01-15 11:32:56,2023-01-15 11:33:26,IP Address,174.208.44.86,53,29,False,2023-01-22 11:33:35,R_2e3af0s4I8M8XfH,,,,,,,anonymous,EN,Yes,,,,,,,4,4,4,3,,,,,,,,,,,
2023-01-15 11:32:40,2023-01-15 11:34:41,IP Address,166.192.43.78,74,120,False,2023-01-22 11:35:01,R_3PT3KpQ85658xnd,,,,,,,anonymous,EN,Yes,Team 6,Male,18-24,Undergraduate/Full Time,"Networks and Information Security Engineering ",3+ years,5,5,2,1,1,1,The members of my team differ in their way of thinking to a somewhat large extent.,The members of my team differ in their knowledge and skills to a moderate extent.,The members of my team differ in how they view the world to a moderate extent.,The members of my team differ in their beliefs about what is right and wrong to a moderate extent.,,,,,
